<?xml version="1.0" encoding="UTF-8"?>
<BioSample xmlns="http://www.ebi.ac.uk/biosamples/SampleGroupExport/1.0" xmlns:xsi="http://www.w3.org/2001/XMLSchema-instance" xsi:schemaLocation="http://www.ebi.ac.uk/biosamples/SampleGroupExport/1.0 http://www.ebi.ac.uk/biosamples/assets/xsd/v1.0/BioSDSchema.xsd" id="SAMN11893678" submissionUpdateDate="2019-11-27T16:59:43.779+00:00" submissionReleaseDate="2019-07-26T09:47:20.003+00:00">
  <Property class="Sample Name" characteristic="false" comment="false" type="STRING">
    <QualifiedValue>
      <Value>RS0008</Value>
    </QualifiedValue>
  </Property>
  <Property class="INSDC center name" characteristic="false" comment="false" type="STRING">
    <QualifiedValue>
      <Value>Research Center for Molecular Medicine of the Austrian Academy of Sciences</Value>
    </QualifiedValue>
  </Property>
  <Property class="age" characteristic="false" comment="false" type="STRING">
    <QualifiedValue>
      <Value>47Y</Value>
    </QualifiedValue>
  </Property>
  <Property class="cell culture" characteristic="false" comment="false" type="STRING">
    <QualifiedValue>
      <Value>DMEM;10% FCS; Pen-Strep</Value>
    </QualifiedValue>
  </Property>
  <Property class="cell line Cellosaurus ID" characteristic="false" comment="false" type="STRING">
    <QualifiedValue>
      <Value>CVCL 0110</Value>
    </QualifiedValue>
  </Property>
  <Property class="cell line additional info" characteristic="false" comment="false" type="STRING">
    <QualifiedValue>
      <Value>Quality control tested for mycoplasma,STR profiling was performed for all cell lines to confirm identity.</Value>
    </QualifiedValue>
  </Property>
  <Property class="cell line category" characteristic="false" comment="false" type="STRING">
    <QualifiedValue>
      <Value>cancer cell line</Value>
    </QualifiedValue>
  </Property>
  <Property class="cell line genotype" characteristic="false" comment="false" type="STRING">
    <QualifiedValue>
      <Value>Wild type (WT)</Value>
    </QualifiedValue>
  </Property>
  <Property class="cell line name" characteristic="false" comment="false" type="STRING">
    <QualifiedValue>
      <Value>1321-N1_2</Value>
    </QualifiedValue>
  </Property>
  <Property class="cell line replicate" characteristic="false" comment="false" type="STRING">
    <QualifiedValue>
      <Value>2</Value>
    </QualifiedValue>
  </Property>
  <Property class="cell line source" characteristic="false" comment="false" type="STRING">
    <QualifiedValue>
      <Value>ECACC</Value>
    </QualifiedValue>
  </Property>
  <Property class="cell line strain" characteristic="false" comment="false" type="STRING">
    <QualifiedValue>
      <Value>1321-N1</Value>
    </QualifiedValue>
  </Property>
  <Property class="disease" characteristic="false" comment="false" type="STRING">
    <QualifiedValue>
      <Value>Astrocytoma</Value>
    </QualifiedValue>
  </Property>
  <Property class="license" characteristic="false" comment="false" type="STRING">
    <QualifiedValue>
      <Value>CC BY 4.0</Value>
    </QualifiedValue>
  </Property>
  <Property class="organism" characteristic="false" comment="false" type="STRING">
    <QualifiedValue>
      <Value>Homo sapiens</Value>
    </QualifiedValue>
  </Property>
  <Property class="sex" characteristic="false" comment="false" type="STRING">
    <QualifiedValue>
      <Value>male</Value>
    </QualifiedValue>
  </Property>
  <Property class="tissue" characteristic="false" comment="false" type="STRING">
    <QualifiedValue>
      <Value>brain</Value>
    </QualifiedValue>
  </Property>
  <Database>
    <Name>ENA</Name>
    <URI>https://www.ebi.ac.uk/ena/data/view/PRJNA545487</URI>
    <ID>PRJNA545487</ID>
  </Database>
  <Database>
    <Name>ENA</Name>
    <URI>https://www.ebi.ac.uk/ena/data/view/SRR9161245</URI>
    <ID>SRR9161245</ID>
  </Database>
  <Database>
    <Name>ENA</Name>
    <URI>https://www.ebi.ac.uk/ena/data/view/SRS4847470</URI>
    <ID>SRS4847470</ID>
  </Database>
  <Database>
    <Name>ENA</Name>
    <URI>https://www.ebi.ac.uk/ena/data/view/SRX5934283</URI>
    <ID>SRX5934283</ID>
  </Database>
</BioSample>
