<?xml version="1.0" encoding="UTF-8"?>
<BioSample xmlns="http://www.ebi.ac.uk/biosamples/SampleGroupExport/1.0" xmlns:xsi="http://www.w3.org/2001/XMLSchema-instance" xsi:schemaLocation="http://www.ebi.ac.uk/biosamples/SampleGroupExport/1.0 http://www.ebi.ac.uk/biosamples/assets/xsd/v1.0/BioSDSchema.xsd" id="SAMN11893683" submissionUpdateDate="2019-11-27T16:59:43.936+00:00" submissionReleaseDate="2019-07-26T09:47:20.003+00:00">
  <Property class="Sample Name" characteristic="false" comment="false" type="STRING">
    <QualifiedValue>
      <Value>RS000E</Value>
    </QualifiedValue>
  </Property>
  <Property class="INSDC center name" characteristic="false" comment="false" type="STRING">
    <QualifiedValue>
      <Value>Research Center for Molecular Medicine of the Austrian Academy of Sciences</Value>
    </QualifiedValue>
  </Property>
  <Property class="age" characteristic="false" comment="false" type="STRING">
    <QualifiedValue>
      <Value>fetus</Value>
    </QualifiedValue>
  </Property>
  <Property class="cell culture" characteristic="false" comment="false" type="STRING">
    <QualifiedValue>
      <Value>DMEM;10% FCS; Pen-Strep</Value>
    </QualifiedValue>
  </Property>
  <Property class="cell line Cellosaurus ID" characteristic="false" comment="false" type="STRING">
    <QualifiedValue>
      <Value>CVCL D585</Value>
    </QualifiedValue>
  </Property>
  <Property class="cell line additional info" characteristic="false" comment="false" type="STRING">
    <QualifiedValue>
      <Value>Quality control tested for mycoplasma,STR profiling was performed for all cell lines to confirm identity.</Value>
    </QualifiedValue>
  </Property>
  <Property class="cell line category" characteristic="false" comment="false" type="STRING">
    <QualifiedValue>
      <Value>transformed cell line</Value>
    </QualifiedValue>
  </Property>
  <Property class="cell line genotype" characteristic="false" comment="false" type="STRING">
    <QualifiedValue>
      <Value>Wild type (WT)</Value>
    </QualifiedValue>
  </Property>
  <Property class="cell line name" characteristic="false" comment="false" type="STRING">
    <QualifiedValue>
      <Value>JumpIn_2</Value>
    </QualifiedValue>
  </Property>
  <Property class="cell line replicate" characteristic="false" comment="false" type="STRING">
    <QualifiedValue>
      <Value>2</Value>
    </QualifiedValue>
  </Property>
  <Property class="cell line source" characteristic="false" comment="false" type="STRING">
    <QualifiedValue>
      <Value>Thermo Fisher Sientific Jump In</Value>
    </QualifiedValue>
  </Property>
  <Property class="cell line strain" characteristic="false" comment="false" type="STRING">
    <QualifiedValue>
      <Value>JumpIn</Value>
    </QualifiedValue>
  </Property>
  <Property class="disease" characteristic="false" comment="false" type="STRING">
    <QualifiedValue>
      <Value>NA</Value>
    </QualifiedValue>
  </Property>
  <Property class="license" characteristic="false" comment="false" type="STRING">
    <QualifiedValue>
      <Value>CC BY 4.0</Value>
    </QualifiedValue>
  </Property>
  <Property class="organism" characteristic="false" comment="false" type="STRING">
    <QualifiedValue>
      <Value>Homo sapiens</Value>
    </QualifiedValue>
  </Property>
  <Property class="sex" characteristic="false" comment="false" type="STRING">
    <QualifiedValue>
      <Value>female</Value>
    </QualifiedValue>
  </Property>
  <Property class="tissue" characteristic="false" comment="false" type="STRING">
    <QualifiedValue>
      <Value>kidney</Value>
    </QualifiedValue>
  </Property>
  <Database>
    <Name>ENA</Name>
    <URI>https://www.ebi.ac.uk/ena/data/view/PRJNA545487</URI>
    <ID>PRJNA545487</ID>
  </Database>
  <Database>
    <Name>ENA</Name>
    <URI>https://www.ebi.ac.uk/ena/data/view/SRR9161255</URI>
    <ID>SRR9161255</ID>
  </Database>
  <Database>
    <Name>ENA</Name>
    <URI>https://www.ebi.ac.uk/ena/data/view/SRS4847460</URI>
    <ID>SRS4847460</ID>
  </Database>
  <Database>
    <Name>ENA</Name>
    <URI>https://www.ebi.ac.uk/ena/data/view/SRX5934273</URI>
    <ID>SRX5934273</ID>
  </Database>
</BioSample>
