{"name":"RS000C","domain":"self.fairplus","release":"2019-07-26T09:47:20.003Z","update":"2019-10-21T09:47:20.003Z","taxId":"9606","contact":[{"LastName":"Viollet","FirstName":"Coralie"},{"LastName":"Sedlyarov","FirstName":"Vitaly"},{"LastName":"Goldmann","FirstName":"Ulrich"},{"LastName":"Lackner","FirstName":"Daniel","E-mail":"dlackner@re-solute.eu","Affiliation":"CeMM Research Center for Molecular Medicine of the Austrian Academy of Sciences","Role":"scientific project manager"},{"LastName":"Superti-Furga","FirstName":"Giulio","E-mail":"gsuperti@cemm.oeaw.ac.at","Affiliation":"Pfizer Ltd.","Role":"Academic Project coordinator"},{"LastName":"Steppan","FirstName":"Claire","E-mail":"Claire.M.Steppan@pfizer.com","Affiliation":"CeMM Research Center for Molecular Medicine of the Austrian Academy of Sciences","Role":"EFPIA Project Leader"}],"characteristics":{"INSDC center name":[{"text":"Research Center for Molecular Medicine of the Austrian Academy of Sciences"}],"organism":[{"text":"Homo sapiens"}],"sex":[{"text":"male"}],"age":[{"text":"48Y"}],"tissue":[{"text":"colon"}],"disease":[{"text":"Colon carcinoma"}],"cell line strain":[{"text":"HCT116"}],"cell line replicate":[{"text":"2"}],"cell line name":[{"text":"HCT116_2"}],"cell line category":[{"text":"Colorectal cell line"}],"cell line source":[{"text":"ATCC"}],"cell culture":[{"text":"McCoys 5A;10% FCS; Pen-Strep"}],"cell line genotype":[{"text":"Wild type (WT)"}],"license":[{"text":"CC BY 4.0"}],"cell line additional info":[{"text":"Quality control tested for mycoplasma,STR profiling was performed for all cell lines to confirm identity."}],"cell line Cellosaurus ID":[{"text":"CVCL 0291"}]},"externalReferences":[{"url":"https://www.ebi.ac.uk/ena/data/view/PRJNA545487","duo":null},{"url":"https://www.ebi.ac.uk/ena/data/view/SRX5934274","duo":null},{"url":"https://www.ebi.ac.uk/ena/data/view/SRS4847461","duo":null},{"url":"https://www.ebi.ac.uk/ena/data/view/SRR9161254","duo":null}]}
